accuracy,precision,recall,f1_score,dataset,execution_time
0.8817391304347826,0.9041095890410958,0.6325878594249201,0.7443609022556391,resultado_sigpid_DrebinDatasetPermissoes.csv,00:01:34
