accuracy,precision,recall,f1_score,dataset,execution_time
0.8776091081593927,0.8602620087336245,0.6700680272108843,0.7533460803059272,resultado_sigpid_DrebinDatasetPermissoes.csv,00:01:16
